Ship_Mode,Time_Shipped
First Class,2.179213857428381
Same Day,0.04460966542750929
Second Class,3.24986849026828
Standard Class,5.010088919288646
